Wall time,Step,Value
1729660480.3001513,389837,10.88962173461914
1729664699.4451218,779675,10.860867500305176
1729668918.9520254,1169513,10.85477352142334
1729673142.8311915,1559351,10.850320816040039
1729677363.9964242,1949189,10.848939895629883
1729681583.962057,2339027,10.848130226135254
1729685807.5334263,2728865,10.847526550292969
1729690029.8437383,3118703,10.847058296203613
1729694256.0129626,3508541,10.846860885620117
1729698480.8740513,3898379,10.846866607666016
