Wall time,Step,Value
1729773056.2037585,393,10.47372055053711
1729773533.7831302,787,10.449966430664062
1729774012.4521134,1181,10.448833465576172
1729774491.100017,1575,10.448230743408203
1729774970.168143,1969,10.447832107543945
1729775449.6567633,2363,10.447612762451172
1729775926.3874288,2757,10.447351455688477
1729776405.4746943,3151,10.447286605834961
1729776886.3030608,3545,10.44703197479248
1729777366.4789543,3939,10.446907043457031
