Wall time,Step,Value
1729773056.203786,393,0.08744266629219055
1729773533.783191,787,0.1062103658914566
1729774012.4521742,1181,0.1073077917098999
1729774491.1000445,1575,0.10788728296756744
1729774970.168171,1969,0.10828515142202377
1729775449.6567914,2363,0.10849374532699585
1729775926.3874578,2757,0.10873999446630478
1729776405.474723,3151,0.10881071537733078
1729776886.3030937,3545,0.10906103253364563
1729777366.4789822,3939,0.10919992625713348
