Wall time,Step,Value
1729718318.3728597,389837,10.356216430664062
1729721438.5296082,779675,10.335371017456055
1729724557.3616662,1169513,10.331341743469238
1729727676.5305367,1559351,10.329923629760742
1729730794.2745326,1949189,10.328925132751465
1729733911.0383663,2339027,10.328091621398926
1729737029.7262704,2728865,10.32731819152832
1729740142.2731996,3118703,10.327253341674805
1729743253.6621397,3508541,10.327093124389648
1729746360.9553432,3898379,10.327095031738281
