Wall time,Step,Value
1729660480.3001835,389837,0.16215310990810394
1729664699.4451714,779675,0.1872219443321228
1729668918.9520833,1169513,0.19225120544433594
1729673142.8312247,1559351,0.19604997336864471
1729677363.996452,1949189,0.19703003764152527
1729681583.9620857,2339027,0.1978512853384018
1729685807.5334551,2728865,0.19826780259609222
1729690029.8437724,3118703,0.19850660860538483
1729694256.0129912,3508541,0.19881001114845276
1729698480.87408,3898379,0.19876688718795776
