Wall time,Step,Value
1729994703.4133248,713,4.2568817138671875
1729994959.8935785,1427,3.3410415649414062
1729995215.1340427,2141,3.0762174129486084
1729995469.9434824,2855,2.9445133209228516
1729995726.1374433,3569,2.8600730895996094
1729995981.9083774,4283,2.7993714809417725
1729996236.9863749,4997,2.7515921592712402
1729996494.3600154,5711,2.7136576175689697
1729996750.3510842,6425,2.6829466819763184
1729997007.4682465,7139,2.656433582305908
