Wall time,Step,Value
1729718318.3729062,389837,0.18983247876167297
1729721438.5296967,779675,0.20968016982078552
1729724557.361709,1169513,0.21316494047641754
1729727676.5305786,1559351,0.21433955430984497
1729730794.2745662,1949189,0.21516264975070953
1729733911.0383987,2339027,0.21590951085090637
1729737029.726305,2728865,0.21644258499145508
1729740142.2732344,3118703,0.21652916073799133
1729743253.6621742,3508541,0.2165985107421875
1729746360.9553804,3898379,0.21658070385456085
